MCP,PoE,PoE - MCP
2.0,19.4,17.4
40.2,44.6,4.399999999999999
79.4,82.8,3.3999999999999915
75.0,77.0,2.0
37.6,38.0,0.3999999999999986
72.6,71.2,-1.3999999999999915
48.8,42.6,-6.199999999999996
79.6,66.8,-12.799999999999997
4.8,50.4,45.6
34.0,49.8,15.799999999999997
50.0,55.0,5.0
92.4,91.4,-1.0
