Task,MCP,PoE,PoE - MCP
SIT,2.0,19.4,17.4
ANLI,40.2,44.6,4.399999999999999
SS,79.4,82.8,3.3999999999999915
CQA,75.0,77.0,2.0
LD,37.6,38.0,0.3999999999999986
SIQA,72.6,71.2,-1.3999999999999915
DQA,48.8,42.6,-6.199999999999996
CC,79.6,66.8,-12.799999999999997
